WMO_NUM,station_number,station_name,LATITUDE,LONGITUDE,STN_HT,AVIATION_ID,REGION,GridPt Lat,GridPt Lon,MSAS elevation,Distance from GridPt,Roughness,Distance from coast,Category,forecast_district,sa_special
95695,46012,WILCANNIA AERODROME AWS,-31.5194,143.385,94.3,YWCA,NSW,-31.49,143.38,89.12,2.4,13.3,999,flat_inland,NSW_PW016,
95485,46126,TIBOOBURRA AIRPORT,-29.4448,142.0567,176.4,YTIB,NSW,-29.45,142.04,170.04,2.1,11.7,999,flat_inland,NSW_PW016,
94686,46128,FOWLERS GAP AWS,-31.0867,141.7017,181,FOWG,NSW,-31.07,141.71,190.08,0.7,21,225,flat_inland,NSW_PW016,
95699,46129,WHITE CLIFFS AWS,-30.8517,143.0742,158,YWHC,NSW,-30.82,143.08,150.88,2.2,8.4,999,flat_inland,NSW_PW016,
94691,47048,BROKEN HILL AIRPORT AWS,-32.0012,141.4694,281.3,YBHI,NSW,-31.99,141.46,289.28,1.1,15.3,199,flat_inland,NSW_PW015,
94711,48027,COBAR MO,-31.484,145.8294,260,YCBT,NSW,-31.49,145.83,244.56,1.8,13.7,999,flat_inland,NSW_PW016,
94710,48237,COBAR AIRPORT AWS,-31.5388,145.7964,218,YCBA,NSW,-31.53,145.79,217.76,0.6,13.1,999,flat_inland,NSW_PW016,
94703,48245,BOURKE AIRPORT AWS,-30.0362,145.9521,107.3,YBKE,NSW,-30.03,145.96,101.84,0.9,2.5,999,flat_inland,NSW_PW016,
95697,49000,IVANHOE AERODROME AWS,-32.8831,144.3088,100,YIVO,NSW,-32.87,144.29,90.72,1.8,2.9,999,flat_inland,NSW_PW015,
95709,50017,WEST WYALONG AIRPORT AWS,-33.9382,147.1962,257,YWWL,NSW,-33.95,147.21,254.08,2.5,11.8,999,flat_inland,NSW_PW012,
95708,50137,CONDOBOLIN AIRPORT AWS,-33.0682,147.2133,192.6,YCDO,NSW,-33.07,147.21,191.44,1.7,13.2,999,flat_inland,NSW_PW012,
95710,51049,TRANGIE RESEARCH STATION AWS,-31.9861,147.9489,215,TARS,NSW,-31.99,147.96,215.44,1.8,3.7,999,flat_inland,NSW_PW012,
95718,51161,COONAMBLE AIRPORT AWS,-30.9776,148.3798,181.3,YCNM,NSW,-30.95,148.38,176.48,2.2,4.2,999,flat_inland,NSW_PW012,
95715,52088,WALGETT AIRPORT AWS,-30.0372,148.1223,133,YWLG,NSW,-30.03,148.13,129.56,0.6,2.2,999,flat_inland,NSW_PW011,
95527,53115,MOREE AERO,-29.4898,149.8471,213,YMOR,NSW,-29.49,149.83,214.2,1.7,5.3,999,flat_inland,NSW_PW011,
95734,54038,NARRABRI AIRPORT AWS,-30.3154,149.8302,229.02,YNBR,NSW,-30.32,149.83,232.48,2,16.8,999,flat_inland,NSW_PW011,
95740,55202,GUNNEDAH AIRPORT AWS,-30.9537,150.2494,262.57,YGDH,NSW,-30.95,150.25,256.2,0.5,27.2,999,flat_inland,NSW_PW011,
95762,55325,TAMWORTH AIRPORT AWS,-31.0742,150.8362,394.9,YSTW,NSW,-31.07,150.83,394.36,1.1,17.9,212,mountains2,NSW_PW011,
94541,56018,INVERELL RESEARCH CENTRE,-29.7752,151.0819,664,INVL,NSW,-29.78,151.08,635.64,1.8,43.7,999,mountains1,NSW_PW004,
95773,56238,ARMIDALE AIRPORT AWS,-30.5273,151.6158,1079,YARM,NSW,-30.53,151.63,1052.24,1.8,13.9,136,mountains1,NSW_PW004,
94588,56243,GLEN INNES AIRPORT AWS,-29.678,151.694,1044.3,YGLI,NSW,-29.66,151.71,1041.64,1.9,21.5,154,mountains1,NSW_PW004,
94589,58012,YAMBA PILOT STATION,-29.4333,153.3633,27.4,AYAM,NSW,-29.41,153.38,2.68,2.2,3.9,4,coast,NSW_PW001,
95571,58077,GRAFTON RESEARCH STN,-29.6224,152.9605,25,GFN,NSW,-29.62,152.96,17.92,0.4,6.9,39,flat_inland,NSW_PW001,
95570,58161,GRAFTON AIRPORT AWS,-29.7583,153.0297,25.09,YGFN,NSW,-29.74,153.04,24.6,1.5,8.5,28,flat_inland,NSW_PW001,
94596,58198,BALLINA AIRPORT AWS,-28.8353,153.5585,1.3,YBNA,NSW,-28.82,153.54,13.56,1.7,15.9,8,coast,NSW_PW001,
94573,58208,CASINO AIRPORT AWS,-28.8775,153.052,20.9,YCAS,NSW,-28.87,153.04,14.52,1,8,47,flat_inland,NSW_PW001,
94598,58212,EVANS HEAD RAAF BOMBING RANGE AWS,-29.183,153.3964,62.5,EVHD,NSW,-29.16,153.42,17.36,2.7,18,6,coast,NSW_PW001,
94572,58214,LISMORE AIRPORT AWS,-28.8305,153.2601,9.206,YLIS,NSW,-28.82,153.25,31.28,1,16.2,31,flat_inland,NSW_PW001,
94599,58216,CAPE BYRON AWS,-28.6399,153.6358,95,CPBX,NSW,-28.62,153.63,1.84,2,10.3,4,coast,NSW_PW001,
94785,59007,KEMPSEY AIRPORT AWS,-31.0711,152.7717,13,YKMP,NSW,-31.07,152.79,16.56,2.3,13.7,24,flat_inland,NSW_PW002,
94791,59040,COFFS HARBOUR MO,-30.3107,153.1187,5,YCFS,NSW,-30.28,153.13,18.16,2.2,66.7,6,coast,NSW_PW002,
94786,60139,PORT MACQUARIE AIRPORT AWS,-31.4336,152.8655,4.2,YPMQ,NSW,-31.41,152.88,3,2.1,7.3,8,coast,NSW_PW002,
95784,60141,TAREE AIRPORT AWS,-31.8896,152.512,8,YTRE,NSW,-31.87,152.5,13.64,2,8.5,15,coast,NSW_PW002,
94774,61055,NEWCASTLE NOBBYS SIGNAL STATION AWS,-32.9184,151.7985,33,NBB,NSW,-32.91,151.79,1.8,0.7,5.3,4,coast,NSW_PW003,
94776,61078,WILLIAMTOWN RAAF,-32.7932,151.8359,9,YWLM,NSW,-32.78,151.83,18.32,0.3,4.4,10,coast,NSW_PW003,
94777,61087,GOSFORD (NARARA RESEARCH STATION) AWS,-33.3949,151.3289,20,NARA,NSW,-33.37,151.33,92,2.3,62.2,18,mountains2,NSW_PW003,
94775,61250,TOCAL AWS,-32.6296,151.5919,30,TOC,NSW,-32.62,151.58,22.8,1,41.1,39,flat_inland,NSW_PW003,
95771,61260,CESSNOCK AIRPORT AWS,-32.7886,151.3377,61,YCNK,NSW,-32.78,151.33,66.96,0.5,36.1,45,flat_inland,NSW_PW003,
95754,61287,MERRIWA (ROSCOMMON),-32.1852,150.1737,375,MERW,NSW,-32.16,150.17,389.92,2.2,31.9,175,mountains2,NSW_PW003,
95758,61363,SCONE AIRPORT AWS,-32.0335,150.8264,221.4,YSCO,NSW,-32.03,150.83,211.04,1.1,29.5,132,flat_inland,NSW_PW003,
95770,61366,NORAH HEAD AWS,-33.2815,151.5766,18.8,NRH,NSW,-33.28,151.58,2.28,1.3,3.6,4,coast,NSW_PW003,
95774,61375,MANGROVE MOUNTAIN AWS,-33.2894,151.2107,305,MGMT,NSW,-33.28,151.21,256.88,0.3,21.5,31,mountains2,NSW_PW003,
95747,61392,MURRURUNDI GAP AWS,-31.7416,150.7937,729.4,MUI,NSW,-31.74,150.79,676.88,1,81.4,156,mountains1,NSW_PW003,
95767,61412,LAKE MACQUARIE AWS,-33.0887,151.4636,6,LMAQ,NSW,-33.07,151.46,7.32,0.8,22.4,22,flat_inland,NSW_PW003,
94754,62100,NULLO MOUNTAIN AWS,-32.7244,150.229,1130,NULO,NSW,-32.7,150.21,940.16,2.6,100.7,142,mountains1,NSW_PW008,
94727,62101,MUDGEE AIRPORT AWS,-32.5628,149.6149,471,YMDG,NSW,-32.57,149.63,466.96,2.5,46.4,215,mountains2,NSW_PW008,
94729,63291,BATHURST AIRPORT AWS,-33.412,149.654,744.5,YBTH,NSW,-33.41,149.67,744.4,1.3,26.6,157,mountains1,NSW_PW008,
94743,63292,MOUNT BOYCE AWS,-33.6185,150.2741,1080,MTBO,NSW,-33.62,150.29,1002.44,1.8,111.2,97,mountains1,NSW_PW008,
95726,63303,ORANGE AIRPORT AWS,-33.3813,149.127,947.4,YORG,NSW,-33.37,149.13,925.68,0.7,16.5,223,mountains1,NSW_PW008,
95728,64017,COONABARABRAN AIRPORT AWS,-31.3304,149.2699,643,YCBB,NSW,-31.32,149.25,559.32,1.9,33.6,999,mountains1,NSW_PW012,
95717,65068,PARKES AIRPORT AWS,-33.1281,148.2428,323.3,YPKS,NSW,-33.12,148.25,329.08,0.8,24.4,999,mountains2,NSW_PW012,
95719,65070,DUBBO AIRPORT AWS,-32.2206,148.5753,284,YSDU,NSW,-32.2,148.58,263.4,1.6,10.7,999,flat_inland,NSW_PW012,
94715,65103,FORBES AIRPORT AWS,-33.3627,147.9205,230.4,YFBS,NSW,-33.37,147.92,225.84,1.4,7.1,999,flat_inland,NSW_PW012,
95721,65111,COWRA AIRPORT AWS,-33.8449,148.6497,296.5,YCWR,NSW,-33.82,148.67,291.44,2,23.3,999,flat_inland,NSW_PW012,
94769,66022,FORT DENISON,-33.8551,151.2254,2,FORT,NSW,-33.87,151.21,32.16,2.7,9.7,9,coast,NSW_PW005,
95757,66023,LUCAS HEIGHTS AWS,-34.0514,150.98,140,LUCH,NSW,-34.03,151,81.76,2.1,33.9,20,flat_inland,NSW_PW005,
94767,66037,SYDNEY AIRPORT AMO,-33.9465,151.1731,6,YSSY,NSW,-33.95,151.17,3.12,1.4,10.4,12,coast,NSW_PW005,
95756,66043,KURNELL AWS,-34.0039,151.2111,4,KURN,NSW,-33.99,151.21,3.8,0.5,5.8,6,coast,NSW_PW005,
94780,66051,LITTLE BAY (THE COAST GOLF CLUB),-33.9829,151.2502,22,LTBY,NSW,-33.99,151.25,9,1.9,6.4,4,coast,NSW_PW005,
94759,66059,TERREY HILLS AWS,-33.6908,151.2253,199,YTRY,NSW,-33.7,151.21,133.64,2.5,16.1,12,coast,NSW_PW005,
94768,66062,SYDNEY (OBSERVATORY HILL),-33.8607,151.205,39,OBSH,NSW,-33.87,151.21,32.16,1.6,9.7,9,coast,NSW_PW005,
94765,66137,BANKSTOWN AIRPORT AWS,-33.9181,150.9864,6.5,YSBK,NSW,-33.91,151,32.16,1.3,11.6,27,flat_inland,NSW_PW005,
94766,66194,CANTERBURY RACECOURSE AWS,-33.9057,151.1134,3,CBRC,NSW,-33.91,151.13,21.96,1.6,11.8,15,coast,NSW_PW005,
95765,66195,SYDNEY OLYMPIC PK AWS,-33.8521,151.0646,28,HOM,NSW,-33.82,151.08,19.08,2.7,19.1,21,flat_inland,NSW_PW005,
95766,66196,WEDDING CAKE WEST,-33.8405,151.2643,6,SYHB,NSW,-33.82,151.25,38.8,1.5,14.4,8,coast,NSW_PW005,
95768,66197,NORTH HEAD,-33.8152,151.2986,90,NTHD,NSW,-33.82,151.29,15.44,2.1,16.7,4,coast,NSW_PW005,
95752,66208,WATTAMOLLA AWS,-34.1407,151.1185,44,WTMA,NSW,-34.12,151.13,33.6,1.8,33.8,6,coast,NSW_PW005,
95753,67105,RICHMOND RAAF,-33.6004,150.7761,19,YSRI,NSW,-33.57,150.79,11.12,2.4,11.6,52,flat_inland,NSW_PW005,
94752,67108,BADGERYS CREEK AWS,-33.8969,150.7281,81.2,YSBC,NSW,-33.91,150.71,86.2,2.9,17.6,47,flat_inland,NSW_PW005,
94763,67113,PENRITH LAKES AWS,-33.7195,150.6783,24.7,PENR,NSW,-33.7,150.67,35.4,1.6,79.4,62,mountains1,NSW_PW005,
94762,67117,HOLSWORTHY CONTROL RANGE,-33.9795,150.9254,40,HOLS,NSW,-33.99,150.92,32.72,2.4,25.6,28,flat_inland,NSW_PW005,
94760,67119,HORSLEY PARK EQUESTRIAN CENTRE AWS,-33.8511,150.8567,100,HPEC,NSW,-33.82,150.88,73.8,2.6,20.6,40,flat_inland,NSW_PW005,
94750,68072,NOWRA RAN AIR STATION AWS,-34.9469,150.5353,109,YSNW,NSW,-34.95,150.54,85.28,1.4,37.7,18,flat_inland,NSW_PW006,
95940,68151,POINT PERPENDICULAR AWS,-35.0936,150.8049,85,PERP,NSW,-35.07,150.79,19.36,1.7,10.1,4,coast,NSW_PW006,
94755,68192,CAMDEN AIRPORT AWS,-34.0391,150.689,73.9,YSCN,NSW,-34.03,150.71,68.2,1.8,16.8,38,flat_inland,NSW_PW005,
94749,68228,BELLAMBI AWS,-34.3691,150.9291,10,BELL,NSW,-34.37,150.92,6.4,1.3,109.9,4,coast,NSW_PW006,
94746,68239,MOSS VALE AWS,-34.5253,150.4217,678.4,MSV,NSW,-34.53,150.42,661.24,1.9,13.6,46,mountains1,NSW_PW006,
95748,68241,WOLLONGONG AIRPORT,-34.5638,150.79,8,YWOL,NSW,-34.57,150.79,48.92,2.2,48.3,12,coast,NSW_PW006,
95749,68242,KIAMA (BOMBO HEADLAND),-34.6533,150.8609,15.5,KIAM,NSW,-34.66,150.88,0.44,2,25.6,4,coast,NSW_PW006,
94757,68257,CAMPBELLTOWN (MOUNT ANNAN),-34.0615,150.7735,112,CTMA,NSW,-34.03,150.79,107.32,2.8,16.6,33,flat_inland,NSW_PW005,
94939,69017,MONTAGUE ISLAND LIGHTHOUSE,-36.2519,150.2275,52,YMNI,NSW,-36.24,150.21,0.88,1.7,0.3,4,coast,NSW_PW007,
94927,69132,BRAIDWOOD RACECOURSE AWS,-35.4253,149.7835,665.2,BDDX,NSW,-35.41,149.79,666.56,1.2,22.8,56,mountains1,NSW_PW009,
94934,69137,GREEN CAPE AWS,-37.2622,150.0504,19.4,GCPX,NSW,-37.24,150.04,14.24,1.6,18.3,4,coast,NSW_PW009,
94938,69138,ULLADULLA AWS,-35.3635,150.4827,35.7,UDAX,NSW,-35.37,150.5,2.16,2,11.2,4,coast,NSW_PW007,
95931,69139,BEGA AWS,-36.6722,149.8191,41,BEGX,NSW,-36.66,149.83,23.92,1.4,32.7,19,flat_inland,NSW_PW007,
95929,69147,MERIMBULA AIRPORT AWS,-36.9077,149.8989,1.5,YMER,NSW,-36.91,149.92,2.48,1.9,25.6,4,coast,NSW_PW007,
95937,69148,MORUYA AIRPORT AWS,-35.9004,150.1437,4,YMRY,NSW,-35.91,150.13,18.4,2.5,17.6,8,coast,NSW_PW007,
94921,70217,COOMA AIRPORT AWS,-36.2939,148.9725,930,YCOM,NSW,-36.28,148.96,960.28,1.3,43.5,103,mountains1,NSW_PW010,
94929,70328,BOMBALA AWS,-37.0016,149.2336,760.5,BBAX,NSW,-36.99,149.25,734.36,1.5,19.4,63,mountains1,NSW_PW010,
95716,70330,GOULBURN AIRPORT AWS,-34.8085,149.7312,640,YGLB,NSW,-34.78,149.75,664.08,2.5,21.3,91,mountains1,NSW_PW009,
94925,70339,TUGGERANONG (ISABELLA PLAINS) AWS,-35.4184,149.0937,586.7,TUGG,NSW,-35.41,149.08,588,1,47,112,mountains1,NSW_PW017,
95925,70349,MOUNT GININI AWS,-35.5293,148.7721,1760,GINI,NSW,-35.53,148.79,1455.72,2.2,165.4,133,mountains1,NSW_PW017,
94926,70351,CANBERRA AIRPORT,-35.3088,149.2003,577.05,YSCB,NSW,-35.28,149.21,598.52,2,47.7,107,mountains1,NSW_PW017,
95909,71032,THREDBO AWS,-36.4917,148.2859,1957,THDB,NSW,-36.49,148.29,1635.36,1.1,132.9,148,mountains1,NSW_PW010,
94915,71075,PERISHER VALLEY AWS,-36.4069,148.4055,1738,PSHV,NSW,-36.41,148.42,1675.2,1.5,182.4,145,mountains1,NSW_PW010,
94910,72150,WAGGA WAGGA AMO,-35.1583,147.4573,212,YSWG,NSW,-35.16,147.46,216.68,0.9,24.4,999,flat_inland,NSW_PW014,
95896,72160,ALBURY AIRPORT AWS,-36.069,146.9509,163.5,YMAY,NSW,-36.07,146.96,164.2,1.7,23.5,999,flat_inland,NSW_PW014,
95916,72161,CABRAMURRA SMHEA AWS,-35.9371,148.3779,1482.4,CBMR,NSW,-35.91,148.38,1016.56,2.3,162.7,171,mountains1,NSW_PW010,
94919,72162,KHANCOBAN AWS,-36.2304,148.1405,339.3,KHAN,NSW,-36.24,148.13,338.64,2.6,148.9,177,mountains1,NSW_PW010,
94712,73138,YOUNG AIRPORT,-34.2493,148.2475,379.6,YYNG,NSW,-34.24,148.25,396.36,0.2,22.8,999,mountains2,NSW_PW013,
95722,73151,TEMORA AIRPORT,-34.4292,147.5111,280.5,YTEM,NSW,-34.41,147.5,273.76,1.7,11.8,999,flat_inland,NSW_PW012,
95705,74037,YANCO AGRICULTURAL INSTITUTE,-34.6223,146.4328,164,YNC,NSW,-34.62,146.42,143.56,1.5,9.5,999,flat_inland,NSW_PW014,
95706,74148,NARRANDERA AIRPORT,-34.705,146.514,145,YNAR,NSW,-34.7,146.5,143.92,1.3,14.3,999,flat_inland,NSW_PW014,
95869,74258,DENILIQUIN AIRPORT AWS,-35.5575,144.9458,94,YDLQ,NSW,-35.53,144.96,94.88,2.1,2.5,999,flat_inland,NSW_PW014,
94702,75019,HAY AIRPORT AWS,-34.5412,144.8345,92,YHAY,NSW,-34.53,144.83,89.48,0.1,1.1,999,flat_inland,NSW_PW014,
95704,75041,GRIFFITH AIRPORT AWS,-34.2487,146.0695,134,YGTH,NSW,-34.24,146.08,147.44,1.3,10.8,999,flat_inland,NSW_PW014,
94102,1007,TROUGHTON ISLAND,-13.7542,126.1485,6,YTTI,WA,-13.74,126.17,0.16,2,0.1,5,coast,WA_PW001,
95101,1020,TRUSCOTT,-14.09,126.3867,51,YTST,WA,-14.07,126.38,31.76,1.5,14.3,9,coast,WA_PW001,
94120,14015,DARWIN AIRPORT,-12.4239,130.8925,30.4,YPDN,NT,-12.41,130.88,23.16,2.1,8,9,coast,NT_PW001,
95121,14041,MIDDLE POINT AWS,-12.605,131.2988,14.1,MDP,NT,-12.62,131.29,13.68,2.4,4.2,44,flat_inland,NT_PW001,
94114,14056,FISH REEF MARINE AWS,-12.4322,130.4428,13,FIRF,NT,-12.41,130.46,0,2.4,0.1,-5,coast,NT_PW001,
94119,14142,PIRLANGIMPI,-11.4022,130.4217,18.3,YGPT,NT,-11.41,130.42,5.28,1.7,10.1,15,coast,NT_PW002,
94137,14198,JABIRU AIRPORT,-12.6594,132.8939,26.5,YJAB,NT,-12.66,132.88,18.56,2.2,5.8,72,flat_inland,NT_PW003,
94129,14245,CAPE DON,-11.3081,131.7651,19,YCPD,NT,-11.28,131.75,0.12,2.5,1.7,5,coast,NT_PW003,
94127,14254,POINT STUART AWS,-12.2397,131.8791,1,PIST,NT,-12.24,131.88,0.4,1.2,0.8,5,coast,NT_PW001,
94125,14272,BATCHELOR AERO,-13.0545,131.0252,104,YBCR,NT,-13.03,131.04,94.72,2.3,10.2,58,flat_inland,NT_PW001,
94135,14274,MCCLUER ISLAND,-11.0468,132.9791,1.4,MCLR,NT,-11.03,132.96,0,2.3,0.4,-4,coast,NT_PW003,
94116,14277,DUM IN MIRRIE AWS,-12.635,130.3725,3.5,DIMI,NT,-12.62,130.38,0.36,1.1,1.1,5,coast,NT_PW001,
94139,14401,WARRUWI,-11.6502,133.3796,19.2,YGBI,NT,-11.66,133.38,4.4,1.9,1.5,5,coast,NT_PW003,
94140,14404,MILINGIMBI AWS,-12.0931,134.8919,15,YMGB,NT,-12.07,134.88,6.04,2.1,1.7,9,coast,NT_PW003,
95142,14405,MANINGRIDA AERO,-12.0569,134.2339,28.1,YMGD,NT,-12.03,134.25,7.48,2.4,11.3,6,coast,NT_PW003,
94150,14508,GOVE AIRPORT,-12.2741,136.8203,51.6,YPGV,NT,-12.28,136.83,47.6,2.4,10.9,10,coast,NT_PW003,
95146,14517,NGAYAWILI,-11.9971,135.5726,8.1,YELD,NT,-11.99,135.58,13.76,1.2,5.7,5,coast,NT_PW003,
94153,14518,GROOTE EYLANDT AIRPORT AWS,-13.9747,136.4631,13.7,YGTE,NT,-13.95,136.46,17.96,1.9,20.4,9,coast,NT_PW003,
94234,14626,DALY WATERS AWS,-16.2636,133.3782,209.84,DALY,NT,-16.24,133.38,207.32,1.6,4.4,999,flat_inland,NT_PW004,
94143,14627,BULMAN AWS,-13.6714,134.3414,103.4,BUL,NT,-13.66,134.33,111.32,1,21.8,144,flat_inland,NT_PW003,
94248,14703,CENTRE ISLAND,-15.7426,136.8192,12.2,CENT,NT,-15.74,136.83,0.28,1.7,3.1,4,coast,NT_PW004,
94239,14704,MCARTHUR RIVER MINE,-16.4423,136.076,40,YMHU,NT,-16.45,136.08,34.48,1.9,13.7,90,flat_inland,NT_PW004,
94152,14723,BORROLOOLA,-16.0757,136.3041,16.1,YBRL,NT,-16.07,136.29,7.08,1.6,11.7,48,flat_inland,NT_PW004,
94232,14825,VICTORIA RIVER DOWNS,-16.403,131.0145,88.5,YVRD,NT,-16.41,131,83.28,2.2,10.5,206,flat_inland,NT_PW005,
94231,14829,LAJAMANU,-18.3325,130.6358,315.6,YHOO,NT,-18.32,130.63,307.44,1.1,7.5,999,mountains2,NT_PW009,
94128,14901,DOUGLAS RIVER,-13.8345,131.1872,42.8,DOUG,NT,-13.82,131.17,35.52,2.2,7.5,118,flat_inland,NT_PW001,
94141,14909,CENTRAL ARNHEM PLATEAU,-13.3275,133.0861,416,CAR,NT,-13.32,133.08,400.12,0.7,19.4,149,mountains2,NT_PW003,
94131,14932,TINDAL RAAF,-14.5229,132.3826,133.6,YPTN,NT,-14.53,132.38,131.44,2.2,12,999,flat_inland,NT_PW004,
95111,14948,PORT KEATS AERO,-14.2495,129.5282,28,YPKT,NT,-14.24,129.54,21.92,1.5,15.8,13,coast,NT_PW001,
94225,14949,DELAMERE WEAPONS RANGE,-15.7442,131.9182,221,YDWF,NT,-15.74,131.92,218.08,0.7,5,999,flat_inland,NT_PW005,
94130,14954,BRADSHAW,-14.9408,130.8092,75,BRAD,NT,-14.95,130.79,66.64,2.7,43.4,117,flat_inland,NT_PW001,
94238,15135,TENNANT CREEK AIRPORT,-19.6423,134.1833,375.7,YTNK,NT,-19.62,134.17,374.36,2.6,9.9,999,mountains2,NT_PW006,
94326,15590,ALICE SPRINGS AIRPORT,-23.7951,133.889,546,YBAS,NT,-23.78,133.88,547.52,1.5,19.4,999,mountains1,NT_PW007,
94327,15602,JERVOIS,-22.9494,136.1442,328,YJVS,NT,-22.95,136.13,321.6,2.2,6.1,999,mountains2,NT_PW007,
94462,15635,YULARA AERO,-25.1896,130.9737,492,YAYE,NT,-25.2,130.96,498.36,2.6,13.5,999,mountains2,NT_PW008,
94328,15643,TERRITORY GRAPE FARM,-22.4518,133.6377,565.6,TGFM,NT,-22.45,133.63,562.92,1.5,5.2,999,mountains1,NT_PW007,
94321,15664,WALUNGURRU,-23.27,129.38,454.3,YKNT,NT,-23.24,129.38,451.04,2.3,27.3,999,mountains2,NT_PW008,
95322,15666,RABBIT FLAT,-20.1824,130.0148,340,YRBT,NT,-20.16,130,342.28,2.3,7.5,999,mountains2,NT_PW009,
94122,200731,POINT FAWCETT,-11.7628,130.03,6.5,FAW,NT,-11.74,130.04,1.56,1.9,7,5,coast,NT_PW002,
94147,200786,CAPE WESSEL,-11.0045,136.7588,18,YCWE,NT,-10.99,136.75,0.4,1.1,1.1,5,coast,NT_PW003,
94170,27045,WEIPA AERO,-12.6778,141.9208,17.96,YBWP,QLD,-12.66,141.92,13.04,1.3,7.8,10,coast,QLD_PW001,
94182,27054,COCONUT ISLAND,-10.0511,143.0686,3.5,YCCT,QLD,-10.03,143.08,0,1.9,0,-22,sea,QLD_PW001,
94174,27058,HORN ISLAND,-10.5844,142.29,4,YHID,QLD,-10.57,142.29,7.56,0.2,8,6,coast,QLD_PW001,
94183,27073,COEN AIRPORT,-13.7606,143.1183,159.3,YCOE,QLD,-13.74,143.13,159.44,1.4,38.3,50,flat_inland,QLD_PW001,
94171,27075,SCHERGER RAAF,-12.6167,142.0869,39.341,YBSG,QLD,-12.62,142.08,30.92,1,11.6,27,flat_inland,QLD_PW001,
94276,28004,PALMERVILLE,-16.0008,144.0758,203.8,YPVI,QLD,-15.99,144.08,215.56,0.8,28.1,143,flat_inland,QLD_PW001,
94186,28008,LOCKHART RIVER AIRPORT,-12.785,143.3047,18.5,YLHR,QLD,-12.78,143.29,20.48,1.6,28,10,coast,QLD_PW001,
94268,29038,KOWANYAMA AIRPORT,-15.4818,141.7483,9.6,YKOW,QLD,-15.49,141.75,4.68,2,1.1,28,flat_inland,QLD_PW002,
94256,29039,MORNINGTON ISLAND,-16.664,139.1837,8.5,YMTI,QLD,-16.66,139.17,1.92,1.8,4.1,4,coast,QLD_PW002,
94337,29058,JULIA CREEK AIRPORT,-20.6672,141.7214,122.5,YJLC,QLD,-20.66,141.71,123.92,1.4,5.1,999,flat_inland,QLD_PW010,
94266,29063,NORMANTON AIRPORT,-17.6872,141.0733,18.418,YNTN,QLD,-17.66,141.08,5.12,2.5,3.7,38,flat_inland,QLD_PW002,
94260,29077,BURKETOWN AIRPORT,-17.7483,139.5356,5.699,YBKT,QLD,-17.74,139.54,3.6,0.7,1.9,29,flat_inland,QLD_PW002,
94332,29127,MOUNT ISA AERO,-20.6778,139.4875,340.3,YBMA,QLD,-20.66,139.5,341.36,1.8,26.4,999,mountains2,QLD_PW010,
94335,29141,CLONCURRY AIRPORT,-20.6664,140.505,186,YCCY,QLD,-20.66,140.5,182.12,0.5,12.2,999,flat_inland,QLD_PW010,
94261,29167,CENTURY MINE,-18.7569,138.7056,126.8,YCNY,QLD,-18.74,138.71,121.6,0.8,21.8,169,flat_inland,QLD_PW002,
94343,30022,HUGHENDEN AIRPORT,-20.8192,144.2333,316.4,YHUG,QLD,-20.82,144.25,316.92,2.3,12.5,999,mountains2,QLD_PW003,
94274,30124,GEORGETOWN AIRPORT,-18.3039,143.5306,301.77,YGTN,QLD,-18.28,143.54,295.08,1.8,11.4,999,mountains2,QLD_PW003,
94341,30161,RICHMOND AIRPORT,-20.7017,143.1167,206.3,YRMD,QLD,-20.7,143.13,200.44,1.1,6.2,999,flat_inland,QLD_PW003,
94287,31011,CAIRNS AERO,-16.8736,145.7458,2.22,YBCS,QLD,-16.87,145.75,29.84,0.5,25.6,4,coast,QLD_PW004,
94285,31037,LOW ISLES LIGHTHOUSE,-16.3842,145.5592,2.9,LWI,QLD,-16.37,145.54,0,2.1,0,-3,coast,QLD_PW004,
95283,31209,COOKTOWN AIRPORT,-15.4461,145.1861,4.8,YCKN,QLD,-15.45,145.17,18.32,2.5,20.3,13,coast,QLD_PW004,
95286,31210,MAREEBA AIRPORT,-17.0672,145.4283,471.934,YMBA,QLD,-17.07,145.42,489.32,2.2,52.1,46,mountains2,QLD_PW004,
94188,31213,CAPE FLATTERY,-14.9672,145.3106,18.5,YCFL,QLD,-14.95,145.29,4.16,2.3,14.3,5,coast,QLD_PW004,
95292,32037,SOUTH JOHNSTONE EXP STN,-17.6053,145.9972,18.3,SJTN,QLD,-17.62,146,58.32,2.2,23.1,16,flat_inland,QLD_PW004,
94294,32040,TOWNSVILLE AERO,-19.2483,146.7661,4.34,YBTL,QLD,-19.24,146.75,5.04,1.7,11.4,9,coast,QLD_PW005,
94295,32141,LUCINDA POINT,-18.5203,146.3861,10,YLDA,QLD,-18.49,146.38,0,2.5,10.7,-3,coast,QLD_PW004,
95295,33002,AYR DPI RESEARCH STN,-19.6169,147.3758,15,AYR,QLD,-19.62,147.38,8.48,0.9,3.2,22,flat_inland,QLD_PW005,
95367,33045,MACKAY AERO,-21.1706,149.1794,4.7,YBMK,QLD,-21.16,149.17,7.64,1.4,8.4,6,coast,QLD_PW006,
94368,33106,HAMILTON ISLAND AIRPORT,-20.3658,148.9536,58.66,YBHM,QLD,-20.37,148.96,7.56,1.1,4.8,5,coast,QLD_PW006,
94367,33119,MACKAY M.O,-21.1172,149.2169,30.264,MKY,QLD,-21.12,149.21,5.8,1.2,5.9,4,coast,QLD_PW006,
95370,33195,WILLIAMSON,-22.4703,150.1786,27.6,YWIS,QLD,-22.45,150.17,27.92,1.8,14.9,13,coast,QLD_PW007,
95369,33210,ST LAWRENCE,-22.3472,149.5242,9.19,STLW,QLD,-22.32,149.54,8.32,2.4,5.6,13,coast,QLD_PW007,
94365,33247,PROSERPINE AIRPORT,-20.4925,148.555,19.7,YBPN,QLD,-20.49,148.54,21.64,1.6,14.8,18,flat_inland,QLD_PW006,
94373,33294,YEPPOON THE ESPLANADE,-23.1364,150.7506,5.5,YPN,QLD,-23.12,150.75,20.52,1.3,34.3,4,coast,QLD_PW007,
95296,33295,ALVA BEACH,-19.4569,147.4833,7.5,ALVA,QLD,-19.45,147.5,0.44,1.8,1.5,4,coast,QLD_PW005,
95293,33307,WOOLSHED,-19.4167,146.5364,556.04,WOS,QLD,-19.41,146.54,452.76,0.6,167,31,mountains1,QLD_PW005,
94370,33308,SAMUEL HILL AERO,-22.7433,150.6578,31,YSMH,QLD,-22.74,150.67,34.36,1.2,13.2,18,flat_inland,QLD_PW007,
94395,35124,CLERMONT AIRPORT,-22.7756,147.6217,270.273,YCMT,QLD,-22.78,147.63,260.6,1.8,10.3,240,flat_inland,QLD_PW008,
94396,35129,ROLLESTON AIRPORT,-24.4617,148.6264,219.45,YRLL,QLD,-24.45,148.63,207.72,0.4,9.5,999,flat_inland,QLD_PW008,
94399,35139,LOCHINGTON,-23.9424,147.525,267.19,LOCH,QLD,-23.95,147.54,255.12,2.5,16.2,999,flat_inland,QLD_PW008,
94363,35264,EMERALD AIRPORT,-23.5694,148.1756,189.4,YEML,QLD,-23.57,148.17,192.72,1.8,7.5,195,flat_inland,QLD_PW008,
94346,36031,LONGREACH AERO,-23.4372,144.2769,192.2,YLRE,QLD,-23.41,144.29,185.48,2.7,5.5,999,flat_inland,QLD_PW009,
95351,36034,BLACKALL AIRPORT,-24.4303,145.4306,281.3,YBCK,QLD,-24.41,145.42,274.28,2.1,4.2,999,flat_inland,QLD_PW009,
94255,37010,CAMOOWEAL TOWNSHIP,-19.9225,138.1214,231.2,CMWL,QLD,-19.91,138.13,232.44,0.8,4.4,999,flat_inland,QLD_PW010,
94336,37034,THE MONUMENT AIRPORT,-21.8125,139.9267,288.4,YTMO,QLD,-21.82,139.92,281.72,2.5,9.1,999,flat_inland,QLD_PW010,
94338,37036,TREPELL AIRPORT,-21.84,140.8925,266.2,YTEE,QLD,-21.82,140.88,269.12,2,15.4,999,flat_inland,QLD_PW010,
94342,37039,WINTON AIRPORT,-22.3617,143.0836,192.2,YWTN,QLD,-22.37,143.08,183.92,1.5,5.3,999,flat_inland,QLD_PW009,
95482,38026,BIRDSVILLE AIRPORT,-25.8975,139.3472,46.6,YBDV,QLD,-25.91,139.33,40.96,2.5,4.7,249,flat_inland,QLD_PW011,
94388,39059,LADY ELLIOT ISLAND,-24.1116,152.7161,3.9,LTT,QLD,-24.12,152.71,0,1.7,0,-40,sea,QLD_PW014,
95543,39066,GAYNDAH AIRPORT,-25.6167,151.6156,110.9,YGAY,QLD,-25.62,151.63,99.8,1.3,44.5,114,flat_inland,QLD_PW014,
94374,39083,ROCKHAMPTON AERO,-23.3753,150.4775,10.4,YBRK,QLD,-23.37,150.46,2.44,2,6,39,flat_inland,QLD_PW007,
94376,39089,THANGOOL AIRPORT,-24.4935,150.5709,193.1,YTNG,QLD,-24.49,150.58,193.48,1.5,27,103,flat_inland,QLD_PW007,
94386,39122,HERON ISLAND RES STN,-23.4422,151.9131,3.3,YHRN,QLD,-23.45,151.92,0,1.8,0,-14,sea,QLD_PW007,
94380,39123,GLADSTONE RADAR,-23.8553,151.2628,74.5,GLAX,QLD,-23.87,151.25,36.64,2.5,17.2,6,coast,QLD_PW007,
94387,39128,BUNDABERG AERO,-24.8885,152.3235,27,YBUD,QLD,-24.87,152.33,7.04,1.8,6.2,16,flat_inland,QLD_PW014,
94378,39322,RUNDLE ISLAND,-23.5293,151.2763,19.8,RUIS,QLD,-23.53,151.29,0,2.1,0.9,-3,coast,QLD_PW007,
94381,39326,GLADSTONE AIRPORT,-23.8697,151.2214,16.6,YGLA,QLD,-23.87,151.21,14.36,1.5,19.9,10,coast,QLD_PW007,
94568,40004,AMBERLEY AMO,-27.6297,152.7111,24.2,YAMB,QLD,-27.62,152.71,25.8,0.6,13.6,52,flat_inland,QLD_PW015,
94594,40043,CAPE MORETON LIGHTHOUSE,-27.0314,153.4661,99.9,CPMN,QLD,-27.03,153.46,12.48,1.4,20.2,4,coast,QLD_PW015,
94584,40068,DOUBLE ISLAND POINT LIGHTHOUSE,-25.9319,153.1906,95.64,YDLP,QLD,-25.91,153.21,2.4,2.5,8,4,coast,QLD_PW014,
94562,40082,UNIVERSITY OF QUEENSLAND GATTON,-27.5436,152.3375,94,YGAT,QLD,-27.53,152.33,92.52,0.5,25.4,79,flat_inland,QLD_PW015,
94566,40093,GYMPIE,-26.1831,152.6414,64.5,GYM,QLD,-26.16,152.63,96.36,2.5,20.8,49,flat_inland,QLD_PW014,
94567,40126,MARYBOROUGH,-25.5161,152.7156,10.277,YMYB,QLD,-25.49,152.71,8.32,1.9,5.4,21,flat_inland,QLD_PW014,
94575,40211,ARCHERFIELD AIRPORT,-27.5717,153.0078,12.5,YBAF,QLD,-27.57,153,14.2,1.5,16.6,25,flat_inland,QLD_PW015,
95566,40284,BEERBURRUM FOREST STATION,-26.9586,152.9619,48,BEER,QLD,-26.95,152.96,60,0.4,27.4,21,flat_inland,QLD_PW015,
95565,40405,HERVEY BAY AIRPORT,-25.322,152.8817,12.98,YHBA,QLD,-25.32,152.88,17.04,1.4,8,6,coast,QLD_PW014,
94557,40651,JIMNA FORESTRY,-26.6644,152.4606,523,JMNA,QLD,-26.66,152.46,495.52,0.3,69,66,mountains1,QLD_PW014,
94592,40717,COOLANGATTA,-28.1681,153.5053,4,YBCG,QLD,-28.16,153.5,5.8,0.5,18.9,6,coast,NSW_PW001,
94580,40764,GOLD COAST SEAWAY,-27.939,153.4283,2.98,GOLD,QLD,-27.95,153.42,4.32,2.4,6.4,4,coast,QLD_PW015,
94578,40842,BRISBANE AERO,-27.3917,153.1292,4.51,YBBN,QLD,-27.37,153.13,2.6,1.9,2.9,5,coast,QLD_PW015,
94569,40861,SUNSHINE COAST AIRPORT,-26.6006,153.0903,3.3,YBSU,QLD,-26.57,153.08,11.2,2,7,4,coast,QLD_PW015,
94570,40908,TEWANTIN RSL PARK,-26.3911,153.0403,6.4,TEW,QLD,-26.37,153.04,8.04,1.8,16.1,6,coast,QLD_PW015,
94576,40913,BRISBANE,-27.4808,153.0389,8.13,BRIS,QLD,-27.49,153.04,21.12,2.2,20.3,17,flat_inland,QLD_PW015,
94549,40922,KINGAROY AIRPORT,-26.5737,151.8398,433.671,YKRY,QLD,-26.57,151.83,442.04,1.2,26.1,128,mountains2,QLD_PW014,
94591,40925,BANANA BANK NORTH BEACON,-27.5327,153.3333,7,MBPS,QLD,-27.53,153.33,0,1,1.9,-3,coast,QLD_PW015,
94590,40926,INNER RECIPROCAL MARKER,-27.2637,153.2417,20,MBPC,QLD,-27.24,153.25,0,1.7,0,-8,coast,QLD_PW015,
94581,40927,SPITFIRE CHANNEL BEACON,-27.0481,153.2664,7,MBPN,QLD,-27.03,153.25,0,1.8,0,-7,coast,QLD_PW015,
95591,40958,REDCLIFFE,-27.2169,153.0922,12.6,REDC,QLD,-27.2,153.08,2.2,1.3,3.8,5,coast,QLD_PW015,
95592,40959,REDCLIFFE JETTY,-27.2261,153.1172,3.55,REDJ,QLD,-27.2,153.13,1,2.1,3,4,coast,QLD_PW015,
95575,40983,BEAUDESERT DRUMLEY STREET,-27.9707,152.9898,47.81,BEAU,QLD,-27.95,153,69.32,1.7,36.8,42,flat_inland,QLD_PW015,
95572,40988,NAMBOUR DPI - HILLSIDE,-26.6442,152.9383,53.24,NAM,QLD,-26.62,152.96,65.16,2.9,44.3,17,flat_inland,QLD_PW015,
95573,41097,INGLEWOOD FOREST,-28.3429,150.9363,379,IGWD,QLD,-28.32,150.92,309.32,2.2,19.7,999,mountains2,QLD_PW013,
94553,41175,APPLETHORPE,-28.6217,151.9533,871.6,APPL,QLD,-28.62,151.96,856.76,0.6,31.7,155,mountains1,QLD_PW013,
94552,41359,OAKEY AERO,-27.4034,151.7413,405.69,YBOK,QLD,-27.41,151.75,400.12,1.7,14,132,mountains2,QLD_PW013,
94542,41522,DALBY AIRPORT,-27.1605,151.2634,343.9,YDAY,QLD,-27.16,151.25,342,1.5,6.6,235,mountains2,QLD_PW013,
94555,41525,WARWICK,-28.2061,152.1003,475.4,WCK,QLD,-28.2,152.08,511.68,1.7,31.1,136,mountains1,QLD_PW013,
95551,41529,TOOWOOMBA AIRPORT,-27.5425,151.9134,640.9,YTWB,QLD,-27.53,151.92,605.04,0.3,43.3,119,mountains1,QLD_PW013,
95529,42112,MILES CONSTANCE STREET,-26.6569,150.1819,304.8,MILE,QLD,-26.66,150.17,298.52,1.9,9.5,999,mountains2,QLD_PW013,
94515,43091,ROMA AIRPORT,-26.5442,148.7778,303.2,YROM,QLD,-26.53,148.79,304.6,1.4,14.9,999,mountains2,QLD_PW012,
94517,43109,ST GEORGE AIRPORT,-28.0489,148.5942,198.5,YSGE,QLD,-28.03,148.58,197.96,1.3,3.8,999,flat_inland,QLD_PW012,
94510,44021,CHARLEVILLE AERO,-26.4139,146.2558,301.6,YBCV,QLD,-26.41,146.25,298.56,0.7,5.7,999,mountains2,QLD_PW012,
95487,45009,BALLERA GAS FIELD,-27.4008,141.8114,114.5,YLLE,QLD,-27.41,141.79,108.52,2.6,7.2,999,flat_inland,QLD_PW011,
95492,45025,THARGOMINDAH AIRPORT,-27.9867,143.815,130.886,YTGM,QLD,-27.99,143.83,123.84,2.3,2.5,999,flat_inland,QLD_PW011,
94372,200001,MIDDLE PERCY ISLAND,-21.6628,150.2711,208.7,MPI,QLD,-21.66,150.29,33.8,2.2,12.6,5,coast,QLD_PW006,
94299,200283,WILLIS ISLAND,-16.2878,149.9652,8.07,YWLD,QLD,-16.28,149.96,0,0.8,0,-998,sea,,
94394,200601,CATO ISLAND,-23.2503,155.542,6.3,CATO,QLD,-23.24,155.54,0,0,0,-237,sea,,
94393,200701,FREDERICK REEF,-20.9375,154.4019,4.9,FRRF,QLD,-20.95,154.42,0,2.8,0,-998,sea,,
94298,200704,MARION REEF,-19.0964,152.3892,2,MARI,QLD,-19.07,152.38,0,2.1,0,-998,sea,,
94296,200727,LIHOU REEF,-17.1166,152.004,3,LIHO,QLD,-17.12,152,0,1,0,-998,sea,,
94289,200732,HOLMES REEF,-16.4683,147.8734,1.9,HOLM,QLD,-16.45,147.88,0,1.1,0,-249,sea,,
94371,200736,CREAL REEF,-20.5303,150.3773,1.7,CRL,QLD,-20.53,150.38,0,1.3,0,-69,sea,,
94290,200783,FLINDERS REEF,-17.7195,148.4478,2.6,FLRF,QLD,-17.7,148.46,0,1.7,0,-223,sea,,
94379,200831,GANNET CAY,-21.9769,152.4707,2.3,GANN,QLD,-21.95,152.46,0,2.4,0,-158,sea,,
95288,200840,BOUGAINVILLE REEF,-15.4877,147.1183,0,BOUG,QLD,-15.49,147.13,0,1.5,0,-185,sea,,
94284,200879,ARLINGTON REEF,-16.7226,146.1124,0,YALF,QLD,-16.7,146.13,0,2.1,0,-25,sea,,
94461,13017,GILES METEOROLOGICAL OFFICE,-25.0341,128.301,598,YGLS,WA,-25.03,128.29,579.6,1.3,23.9,999,mountains1,WA_PW007,
94659,16001,WOOMERA AERODROME,-31.1558,136.8054,166.6,YPWR,SA,-31.16,136.79,149.88,1.8,10.7,184,flat_inland,SA_PW014,un
95458,16090,COOBER PEDY AIRPORT,-29.0347,134.7222,225,YCBP,SA,-29.03,134.71,218.68,1.6,5.7,999,flat_inland,SA_PW014,un
95658,16096,OLYMPIC DAM AERODROME,-30.4829,136.8772,98.5,YOLD,SA,-30.49,136.88,99.24,1.9,3.5,112,flat_inland,SA_PW014,un
94474,16097,PUKATJA,-26.2635,132.1771,703.2,YERN,SA,-26.24,132.17,727.64,1.8,35.8,999,mountains1,SA_PW014,un
94655,16098,TARCOOLA AERO,-30.7051,134.5786,123,YTAR,SA,-30.7,134.58,126.8,0.6,14.7,182,flat_inland,SA_PW014,un
94476,17043,OODNADATTA AIRPORT,-27.5553,135.4456,116.5,YOOD,SA,-27.53,135.46,120.6,2,11,141,flat_inland,SA_PW015,un
94674,17110,LEIGH CREEK AIRPORT,-30.5963,138.4219,258.8,YLEC,SA,-30.57,138.42,254.16,1.5,18,111,flat_inland,SA_PW015,un
95481,17123,MOOMBA AIRPORT,-28.0997,140.1956,37.8,YOOM,SA,-28.07,140.21,36.64,2.2,3.9,133,flat_inland,SA_PW015,un
95480,17126,MARREE AERO,-29.6587,138.0684,50,YMRE,SA,-29.66,138.08,47,1.7,7.6,53,flat_inland,SA_PW015,un
94653,18012,CEDUNA AMO,-32.1297,133.6976,15.3,YCDU,SA,-32.12,133.71,16.84,1.1,12.5,6,coast,SA_PW011,nag
95654,18083,WUDINNA AERO,-33.043,135.4519,86.4,YWUD,SA,-33.03,135.46,102.64,0.6,38.8,72,flat_inland,SA_PW011,nag
94651,18106,NULLARBOR,-31.4492,130.8976,64,NULA,SA,-31.45,130.92,53.68,2.1,4.5,16,flat_inland,SA_PW011,un
94804,18115,NEPTUNE ISLAND,-35.3365,136.1174,32,NPI,SA,-35.32,136.13,2.2,0.8,0.7,4,coast,SA_PW013,sag
94662,18116,CLEVE AERODROME,-33.7081,136.5026,175,YCEE,SA,-33.7,136.5,188.36,0.2,61.3,26,mountains2,SA_PW012,nag
95664,18120,WHYALLA AERO,-33.0539,137.5205,6.5,YWHA,SA,-33.03,137.5,18,2.3,18.5,9,coast,SA_PW012,un
94658,18191,COLES POINT,-34.3749,135.3741,28,CLPT,SA,-34.37,135.38,30.24,0.1,31.5,6,coast,SA_PW013,sag
95661,18192,PORT LINCOLN AWS,-34.5993,135.8784,8.5,YPLC,SA,-34.57,135.88,24.32,1.8,48.7,9,coast,SA_PW013,sag
95662,18195,MINNIPA PIRSA,-32.8427,135.1515,165,MINN,SA,-32.82,135.17,171,1.8,12.7,67,flat_inland,SA_PW011,nag
95653,18200,THEVENARD WIND,-32.1803,133.6343,8.845,THEV,SA,-32.16,133.63,0,1.8,1.4,-3,coast,SA_PW011,sag
95666,18201,PORT AUGUSTA AERO,-32.5091,137.7144,14,YPAG,SA,-32.49,137.71,17.2,1.2,15.6,12,coast,SA_PW010,nag
95663,18217,CUMMINS AERO,-34.2524,135.7135,60.11,YCMM,SA,-34.24,135.71,60.44,0.5,11,36,flat_inland,SA_PW013,sag
94684,20062,YUNTA AIRSTRIP,-32.5707,139.5645,300,YYUN,SA,-32.57,139.58,311.96,2.3,22.7,158,mountains2,SA_PW015,un
95667,21131,CLARE HIGH SCHOOL,-33.8226,138.5933,395,CLAR,SA,-33.82,138.58,415.96,1.5,51,59,mountains2,SA_PW009,sag
95670,21133,RAYVILLE PARK,-33.7676,138.2182,109.1,SNTN,SA,-33.74,138.21,138.92,2.2,65,36,mountains2,SA_PW009,sag
95659,22031,MINLATON AERO,-34.748,137.5276,32,YMIN,SA,-34.74,137.54,36.76,1.3,22.5,8,coast,SA_PW003,sag
94809,22046,EDITHBURGH,-35.1121,137.7395,6,YEDB,SA,-35.12,137.75,1.44,1.7,4.3,4,coast,SA_PW003,sag
95806,22049,STENHOUSE BAY,-35.2795,136.9392,42,STHB,SA,-35.28,136.96,0.72,2.2,8,4,coast,SA_PW003,sag
94685,22050,KADINA AWS,-33.9703,137.6628,41.14,YKDI,SA,-33.95,137.67,35.28,1.4,13,9,coast,SA_PW003,nag
94666,22053,WARBURTO POINT,-34.0041,137.528,1,WARB,SA,-33.99,137.54,0.56,1.3,5.2,4,coast,SA_PW003,nag
94822,22803,CAPE WILLOUGHBY,-35.8426,138.1327,55,YCWB,SA,-35.82,138.13,34.88,1.2,23.1,4,coast,SA_PW004,sag
95805,22823,CAPE BORDA,-35.7549,136.5959,158,YCBO,SA,-35.74,136.58,41.32,1.3,32.7,4,coast,SA_PW004,sag
95807,22841,KINGSCOTE AERO,-35.7114,137.5231,6.23,YKSC,SA,-35.7,137.54,10.04,1.7,10,8,coast,SA_PW004,sag
95677,23013,PARAFIELD AIRPORT,-34.7977,138.6281,9.5,YPPF,SA,-34.78,138.63,16.16,0.7,32.9,12,coast,SA_PW001,sag
94672,23034,ADELAIDE AIRPORT,-34.9524,138.5204,2,YPAD,SA,-34.95,138.5,0.52,2,5.8,4,coast,SA_PW001,sag
95675,23052,BLACK POLE,-34.7343,138.4654,8,OHBP,SA,-34.74,138.46,0,1.9,0.8,-4,coast,SA_PW001,sag
95676,23083,EDINBURGH RAAF,-34.7111,138.6222,16.54,YPED,SA,-34.7,138.63,19.6,0.4,13.5,12,coast,SA_PW001,sag
94675,23090,KENT TOWN,-34.9211,138.6216,48,ADRO,SA,-34.91,138.63,48.68,0.6,72.1,15,coast,SA_PW001,sag
95671,23122,ROSEWORTHY AWS,-34.5106,138.6763,65,ROSE,SA,-34.49,138.67,69.56,1.5,23.9,29,flat_inland,SA_PW009,sag
94681,23373,NURIOOTPA VITICULTURAL,-34.4761,139.0056,275,NURI,SA,-34.45,139,278.32,2,24.3,56,flat_inland,SA_PW002,sag
95678,23842,MOUNT LOFTY,-34.9784,138.7088,685,LOFT,SA,-34.95,138.71,491,2.2,120.1,23,mountains1,SA_PW002,sag
94811,23875,SECOND VALLEY FOREST AWS,-35.5695,138.2864,341,SECV,SA,-35.57,138.29,308.6,1.6,56.4,9,coast,SA_PW002,sag
94678,23878,MT CRAWFORD AWS,-34.7253,138.9273,525,CRAW,SA,-34.7,138.92,384.48,2.1,72.8,38,mountains1,SA_PW002,sag
94808,23885,NOARLUNGA,-35.1586,138.5057,55,NRLG,SA,-35.16,138.5,39.68,1,41.2,8,coast,SA_PW001,sag
95679,23886,MOUNT TERRIBLE RADAR,-35.3294,138.5019,385.7,SELL,SA,-35.32,138.5,259.56,0.5,102.2,8,coast,SA_PW002,sag
94683,23887,KUITPO FOREST RESERVE,-35.1712,138.6783,365,KUIT,SA,-35.16,138.67,274.72,1.2,51.8,21,mountains2,SA_PW002,sag
94677,23894,HINDMARSH ISLAND AWS,-35.5194,138.8177,11,HMIS,SA,-35.49,138.83,7.24,2.6,5.5,9,coast,SA_PW002,sag
94682,24024,LOXTON RESEARCH CENTRE,-34.439,140.5978,30.1,LOXT,SA,-34.45,140.58,36.32,2.5,9.1,194,flat_inland,SA_PW008,nag
95687,24048,RENMARK AERO,-34.1983,140.6766,31.5,YREN,SA,-34.2,140.67,39.72,1.4,12.3,221,flat_inland,SA_PW008,un
94814,24580,STRATHALBYN RACECOURSE,-35.2836,138.8934,58,SRC,SA,-35.28,138.88,85,1.9,52.4,30,mountains2,SA_PW002,sag
95818,24584,PALLAMANA AERODROME,-35.065,139.2273,45,YMBD,SA,-35.07,139.21,80.84,2.7,29.7,63,flat_inland,SA_PW007,sag
95815,25557,MUNKORA,-36.1058,140.3273,27,KETH,SA,-36.12,140.33,27.32,2.2,7.8,63,flat_inland,SA_PW005,nag
94690,25562,AUSTIN PLAINS,-35.3778,140.5378,110.08,LAMR,SA,-35.37,140.54,99.56,0.5,3.6,123,flat_inland,SA_PW007,nag
94821,26021,MOUNT GAMBIER AERO,-37.7473,140.7739,63,YMTG,SA,-37.74,140.79,58,1.6,6.4,37,flat_inland,SA_PW006,sag
94817,26091,COONAWARRA,-37.2906,140.8254,57,COOW,SA,-37.28,140.83,57.08,0.7,2.3,72,flat_inland,SA_PW006,sag
94813,26095,THE LIMESTONE,-36.9655,139.7164,17,JAFA,SA,-36.95,139.71,9.08,1.1,8.9,5,coast,SA_PW006,sag
94820,26099,NARACOORTE AERODROME,-36.9813,140.727,49.72,YNRC,SA,-36.99,140.71,49.28,2.7,8.2,81,flat_inland,SA_PW006,sag
95823,26100,PADTHAWAY SOUTH,-36.6539,140.5212,37,PDTH,SA,-36.66,140.54,47.24,2.3,21.3,63,flat_inland,SA_PW005,sag
95816,26105,ROBE AIRFIELD,-37.1776,139.8054,3,YRBE,SA,-37.16,139.79,4.04,1.7,4.5,6,coast,SA_PW006,sag
95957,91107,WYNYARD AIRPORT,-40.9972,145.7292,12,YWYY,TAS/ANT,-40.99,145.75,9.28,1.8,36.5,6,coast,TAS_PW010,
95960,91126,DEVONPORT AIRPORT,-41.1701,146.4289,8,YDPO,TAS/ANT,-41.16,146.42,5.44,1.1,25.9,5,coast,TAS_PW010,
94972,91219,SCOTTSDALE (WEST MINSTONE ROAD),-41.1708,147.4883,197.5,SCOT,TAS/ANT,-41.16,147.5,167.4,1.1,35,23,flat_inland,TAS_PW002,
94969,91237,LAUNCESTON (TI TREE BEND),-41.4194,147.1222,5,LAUN,TAS/ANT,-41.41,147.13,18.24,0.4,57.6,50,mountains2,TAS_PW004,
94954,91245,CAPE GRIM BAPS (COMPARISON),-40.6828,144.69,94,GRIM,TAS/ANT,-40.66,144.71,14.2,2.4,9.6,4,coast,TAS_PW010,
95956,91259,LUNCHEON HILL (FORESTRY),-41.1492,145.1517,344,LNCH,TAS/ANT,-41.16,145.17,194.76,2.3,49.4,41,mountains1,TAS_PW010,
94955,91291,SHEFFIELD SCHOOL FARM,-41.3886,146.3219,294.2,SHEF,TAS/ANT,-41.37,146.33,298.08,1.8,33.5,28,flat_inland,TAS_PW010,
94953,91292,SMITHTON AERODROME,-40.8347,145.0847,7.5,YSMI,TAS/ANT,-40.82,145.08,3.44,0.2,10.6,9,coast,TAS_PW010,
95964,91293,LOW HEAD,-41.0547,146.7874,3,LHD,TAS/ANT,-41.03,146.79,0,1.5,11.9,-2,coast,TAS_PW004,
95969,91306,CRESSY RESEARCH STATION,-41.7256,147.0794,148,CRSY,TAS/ANT,-41.7,147.08,147.76,1.9,10.2,77,flat_inland,TAS_PW004,
95966,91311,LAUNCESTON AIRPORT,-41.5492,147.2144,166.9,YMLT,TAS/ANT,-41.53,147.21,150.6,1,37.8,65,flat_inland,TAS_PW004,
95954,91331,CAPE GRIM,-40.6792,144.6903,86,CGRM,TAS/ANT,-40.66,144.71,14.2,2.1,9.6,4,coast,TAS_PW010,
95974,92012,FINGAL (LEGGE STREET),-41.6428,147.9664,237,FING,TAS/ANT,-41.62,147.96,263.92,2.1,85.6,32,mountains1,TAS_PW003,
94983,92045,EDDYSTONE POINT,-40.9928,148.3467,19.7,YEDP,TAS/ANT,-40.99,148.33,1.56,1.4,12.1,3,coast,TAS_PW002,
94987,92114,FRIENDLY BEACHES,-41.9953,148.2794,55,FRB,TAS/ANT,-41.99,148.29,13.48,1.1,27.4,3,coast,TAS_PW003,
95981,92120,ST HELENS AERODROME,-41.3381,148.2792,48,YSTH,TAS/ANT,-41.32,148.29,12.96,1.2,39,6,coast,TAS_PW002,
95985,92123,SWAN ISLAND,-40.7292,148.125,15,SWIS,TAS/ANT,-40.74,148.13,0.36,2.3,5.1,4,coast,TAS_PW002,
95988,92124,MARIA ISLAND (POINT LESUEUR),-42.6621,148.0179,28,MARA,TAS/ANT,-42.66,148,0,1.5,30.2,-2,coast,TAS_PW003,
94975,94008,HOBART AIRPORT,-42.8339,147.5033,4,YMHB,TAS/ANT,-42.82,147.5,6,0.3,43.3,6,coast,TAS_PW006,
94970,94029,HOBART (ELLERSLIE ROAD),-42.8897,147.3278,50.5,HBRO,TAS/ANT,-42.87,147.33,20.04,1.7,71.4,10,coast,TAS_PW006,
94962,94041,MAATSUYKER ISLAND LIGHTHOUSE,-43.6578,146.2711,146.5,YMSY,TAS/ANT,-43.66,146.29,23,1.9,7.7,3,coast,TAS_PW009,
95979,94087,MOUNT WELLINGTON,-42.8967,147.235,1260.47,WLI,TAS/ANT,-42.91,147.25,618.48,2.5,273.6,11,coast,TAS_PW006,
95986,94155,TASMAN ISLAND,-43.2397,148.0025,240,YTSI,TAS/ANT,-43.24,148,29.24,1.2,45.2,3,coast,TAS_PW006,
94977,94191,HARTZ MOUNTAIN (KEOGHS PIMPLE),-43.2006,146.7683,831,HRTZ,TAS/ANT,-43.2,146.75,808.16,1.7,221.1,32,mountains1,TAS_PW006,
94960,94195,TUNNACK FIRE STATION,-42.4543,147.4612,461.5,TUNN,TAS/ANT,-42.45,147.46,451.52,0.5,55.6,43,mountains2,TAS_PW005,
95967,94198,CAPE BRUNY (CAPE BRUNY),-43.4886,147.1444,59.7,CBRY,TAS/ANT,-43.49,147.13,13.32,2,11.7,3,coast,TAS_PW006,
95972,94212,CAMPANIA (KINCORA),-42.6867,147.4258,45,CAMP,TAS/ANT,-42.66,147.42,104.28,2.3,60.8,25,mountains2,TAS_PW006,
95977,94220,GROVE (RESEARCH STATION),-42.9858,147.0742,65,GROV,TAS/ANT,-42.99,147.08,133,1.7,94,24,mountains1,TAS_PW006,
94964,95003,BUSHY PARK (BUSHY PARK ESTATES),-42.7097,146.8983,27,BUSH,TAS/ANT,-42.7,146.92,38.28,1.5,87.7,47,mountains1,TAS_PW007,
94957,95048,OUSE FIRE STATION,-42.4842,146.7106,90,OUS,TAS/ANT,-42.49,146.71,105.52,1.8,46.1,75,flat_inland,TAS_PW007,
94959,96003,BUTLERS GORGE,-42.2753,146.2758,667,BTGR,TAS/ANT,-42.28,146.29,765.52,2.2,70.1,69,mountains1,TAS_PW008,
95959,96033,LIAWENEE,-41.8997,146.6694,1057,LIAW,TAS/ANT,-41.91,146.67,1032.6,1.9,54.5,88,mountains1,TAS_PW008,
94974,97000,CAPE SORELL,-42.1986,145.17,19.3,CPSO,TAS/ANT,-42.2,145.17,2.16,1.1,9.7,3,coast,TAS_PW009,
95962,97024,WARRA,-43.0609,146.704,495,WARS,TAS/ANT,-43.03,146.71,239.8,2.2,127.4,44,mountains1,TAS_PW009,
94956,97072,STRAHAN AERODROME,-42.155,145.2908,21,YSRN,TAS/ANT,-42.16,145.29,11.12,1.3,19.1,6,coast,TAS_PW009,
95961,97080,LOW ROCKY POINT,-42.9831,145.5025,34,LRP,TAS/ANT,-42.99,145.5,0,1.9,7.9,-4,coast,TAS_PW009,
95958,97083,SCOTTS PEAK DAM,-43.0425,146.2722,408,SCPK,TAS/ANT,-43.03,146.29,307,1.6,36.1,44,mountains1,TAS_PW009,
95952,97085,MOUNT READ,-41.8444,145.5419,1119.5,MTRD,TAS/ANT,-41.82,145.54,674.16,1.2,193.2,36,mountains1,TAS_PW009,
94850,98017,KING ISLAND AIRPORT,-39.8801,143.8829,37,YKII,TAS/ANT,-39.87,143.88,22.16,0.9,23,6,coast,TAS_PW011,
94980,99005,FLINDERS ISLAND AIRPORT,-40.0911,148.0024,9,YFLI,TAS/ANT,-40.07,148,33.44,0.9,56.4,6,coast,TAS_PW001,
94693,76031,MILDURA AIRPORT,-34.2358,142.0867,50,YMIA,VIC,-34.24,142.08,44,1.6,4.5,999,flat_inland,VIC_PW001,
95831,76064,WALPEUP RESEARCH,-35.1201,142.004,105,WALP,VIC,-35.12,142,94.6,0.7,9.5,999,flat_inland,VIC_PW001,
94838,77010,HOPETOUN AIRPORT,-35.7151,142.3569,77.3,YHPN,VIC,-35.7,142.38,78.76,1.8,2.6,999,flat_inland,VIC_PW002,
94843,77094,SWAN HILL AERODROME,-35.3766,143.5416,71,YSWH,VIC,-35.37,143.54,72.68,0.2,6.2,999,flat_inland,VIC_PW001,
94827,78015,NHILL AERODROME,-36.3092,141.6486,138.9,YNHL,VIC,-36.28,141.67,147.64,2.5,8.6,197,flat_inland,VIC_PW002,
95835,79028,LONGERENONG,-36.6722,142.2991,133,YLNG,VIC,-36.66,142.29,133.76,0.9,3.6,184,flat_inland,VIC_PW002,
95827,79097,KANAGULK,-37.1169,141.8031,188.8,KANG,VIC,-37.12,141.79,184.92,1.4,8.9,128,flat_inland,VIC_PW002,
95832,79099,EDENHOPE AIRPORT,-37.0222,141.2657,155,YEDE,VIC,-37.03,141.25,152.6,2.6,7.6,117,flat_inland,VIC_PW002,
95839,79100,HORSHAM AERODROME,-36.6697,142.1731,133.8,YHSM,VIC,-36.66,142.17,130.2,0.7,2.6,183,flat_inland,VIC_PW002,
94835,79101,BEN NEVIS,-37.2281,143.2006,875,BENN,VIC,-37.2,143.21,439.32,2.3,101.3,145,mountains1,VIC_PW009,
94833,79103,MOUNT WILLIAM,-37.295,142.6039,1150,MTWI,VIC,-37.28,142.58,699.04,1.9,154,122,mountains1,VIC_PW009,
94836,79105,STAWELL AERODROME,-37.072,142.7402,235.364,YSWL,VIC,-37.07,142.75,231.48,1.5,52.7,147,mountains2,VIC_PW002,
95833,80091,KYABRAM DPI,-36.335,145.0638,105,KYAB,VIC,-36.32,145.08,100.28,1.8,1.4,172,flat_inland,VIC_PW003,
94839,80128,CHARLTON,-36.2847,143.3341,131.7,YCHL,VIC,-36.28,143.33,128.28,0.8,10.4,224,flat_inland,VIC_PW001,
95836,81049,TATURA INST SUSTAINABLE AG,-36.4378,145.2672,114,TATU,VIC,-36.45,145.25,108.84,2.8,1.9,160,flat_inland,VIC_PW003,
94855,81123,BENDIGO AIRPORT,-36.7395,144.3266,208,YBDG,VIC,-36.74,144.33,217.6,1.3,22.1,135,flat_inland,VIC_PW003,
94862,81124,YARRAWONGA,-36.0294,146.0306,128.9,YYWG,VIC,-36.03,146.04,133.4,1.7,8.1,999,flat_inland,VIC_PW003,
94875,81125,SHEPPARTON AIRPORT,-36.4289,145.3947,113.9,YSHT,VIC,-36.41,145.38,104.08,2.2,2.7,167,flat_inland,VIC_PW003,
95837,82039,RUTHERGLEN RESEARCH,-36.1047,146.5094,175,RGLN,VIC,-36.12,146.5,169.92,2.4,17.3,999,flat_inland,VIC_PW004,
94889,82138,WANGARATTA AERO,-36.4206,146.3056,152.6,YWGT,VIC,-36.41,146.29,157,1.3,10.6,203,flat_inland,VIC_PW004,
94878,82139,HUNTERS HILL,-36.2136,147.5394,981,HUHI,VIC,-36.2,147.54,782.84,0.6,89.3,192,mountains1,VIC_PW004,
94894,83024,MOUNT BULLER,-37.145,146.4394,1707,YBXU,VIC,-37.12,146.46,1098.96,2.8,146.8,132,mountains1,VIC_PW004,
94905,83055,MOUNT HOTHAM AIRPORT,-37.0491,147.3347,1295.4,YHOT,VIC,-37.03,147.33,1152.2,0.8,95,111,mountains1,VIC_PW004,
94903,83084,FALLS CREEK,-36.8708,147.2755,1765,YFLK,VIC,-36.87,147.29,1600.76,1.5,191.5,130,mountains1,VIC_PW004,
94906,83085,MOUNT HOTHAM,-36.9767,147.1342,1849,HOTH,VIC,-36.95,147.13,1434.68,2.2,243.9,126,mountains1,VIC_PW004,
94908,83090,OMEO,-37.1017,147.6008,689.8,OMEO,VIC,-37.07,147.58,762.88,2.6,96.4,98,mountains1,VIC_PW005,
94933,84016,GABO ISLAND LIGHTHOUSE,-37.5679,149.9158,15.2,YGBO,VIC,-37.57,149.92,0.44,1.7,3.5,4,coast,VIC_PW005,
94935,84084,MALLACOOTA,-37.5976,149.7289,22,YMCO,VIC,-37.57,149.71,34.04,2.4,26.2,6,coast,VIC_PW005,
94913,84142,GELANTIPY,-37.22,148.2625,755,GELA,VIC,-37.2,148.25,753.92,1.7,121.8,70,mountains1,VIC_PW005,
94914,84143,COMBIENBAR AWS,-37.3417,149.0228,640,COMI,VIC,-37.32,149.04,480.52,1.9,167.9,56,mountains1,VIC_PW005,
94930,84144,MOUNT NOWA NOWA,-37.6924,148.0908,350,MTNW,VIC,-37.7,148.08,104.52,1.9,53.5,19,mountains1,VIC_PW005,
95918,84145,ORBOST,-37.6922,148.4667,62.65,ORBT,VIC,-37.7,148.46,15.36,1.9,25.7,14,coast,VIC_PW005,
94907,85072,EAST SALE AIRPORT,-38.1156,147.1322,4.6,YMES,VIC,-38.12,147.13,4.8,1.2,7.1,19,flat_inland,VIC_PW006,
94893,85096,WILSONS PROMONTORY LIGHTHOUSE,-39.1297,146.4244,95,YWLP,VIC,-39.12,146.42,135.32,0.8,65.3,4,coast,VIC_PW006,
94886,85099,POUND CREEK,-38.6297,145.8107,3,PDCK,VIC,-38.62,145.79,13.6,1.7,21.1,9,coast,VIC_PW006,
95890,85151,YARRAM AIRPORT,-38.5647,146.7479,17.9,YYRM,VIC,-38.57,146.75,15.96,2.1,13.9,10,coast,VIC_PW006,
94912,85279,BAIRNSDALE AIRPORT,-37.8817,147.5669,49.4,YBNS,VIC,-37.87,147.58,29.8,1.6,11.5,20,flat_inland,VIC_PW005,
94891,85280,LATROBE VALLEY AIRPORT,-38.2094,146.4747,55.7,YLTV,VIC,-38.2,146.46,49.24,1.4,20.2,56,flat_inland,VIC_PW006,
95901,85291,MOUNT BAW BAW,-37.8383,146.2747,1561,BAWX,VIC,-37.82,146.29,1366.72,1.6,226.1,86,mountains1,VIC_PW006,
95913,85296,MOUNT MOORNAPA,-37.7481,147.1428,480,MTMO,VIC,-37.74,147.13,187.36,1.6,56.3,41,mountains1,VIC_PW006,
95866,86038,ESSENDON AIRPORT,-37.7276,144.9066,78.4,YMEN,VIC,-37.7,144.92,79,2.3,30.2,19,flat_inland,VIC_PW007,
95874,86068,VIEWBANK (ARPANSA),-37.7408,145.0972,66.1,VBK,VIC,-37.74,145.08,41.96,1.6,19.7,20,flat_inland,VIC_PW007,
94868,86071,MELBOURNE REGIONAL OFFICE,-37.8075,144.97,31.15,MELB,VIC,-37.78,144.96,31.96,2,19.8,10,coast,VIC_PW007,
94870,86077,MOORABBIN AIRPORT,-37.98,145.0964,12.1,YMMB,VIC,-37.99,145.08,7.04,2.5,14.1,5,coast,VIC_PW007,
95867,86104,SCORESBY RESEARCH INSTITUTE,-37.871,145.2561,80,SCOR,VIC,-37.87,145.25,87.32,0.7,28.8,24,flat_inland,VIC_PW007,
95864,86220,ST KILDA HARBOUR - RMYS,-37.8642,144.9639,6.4,STKI,VIC,-37.87,144.96,0.8,1.3,7,4,coast,VIC_PW007,
94872,86266,FERNY CREEK,-37.8748,145.3496,512.9,FERN,VIC,-37.87,145.33,348.24,1.4,105.6,29,mountains1,VIC_PW007,
94866,86282,MELBOURNE AIRPORT,-37.6655,144.8321,113.4,YMML,VIC,-37.66,144.83,113.48,0.2,37.2,24,flat_inland,VIC_PW007,
94869,86320,COLDSTREAM COMPARISON,-37.7239,145.4095,83,CEM,VIC,-37.7,145.42,97.16,1.8,32.3,46,flat_inland,VIC_PW007,
94853,86344,SOUTH CHANNEL ISLAND,-38.3065,144.8016,9,SCIS,VIC,-38.28,144.79,0,1.9,1.6,-5,coast,VIC_PW007,
94898,86361,CERBERUS,-38.3646,145.1785,12.69,CERB,VIC,-38.37,145.17,15.32,1.5,20.9,7,coast,VIC_PW007,
94871,86371,FRANKSTON AWS,-38.1481,145.1156,6,FRAN,VIC,-38.16,145.13,51.28,2.2,28.8,6,coast,VIC_PW007,
95880,86372,DUNNS HILL,-37.8775,145.3364,561,DUNN,VIC,-37.87,145.33,348.24,0.4,105.6,29,mountains1,VIC_PW007,
94892,86373,RHYLL,-38.4612,145.3101,13.4,RHYL,VIC,-38.45,145.29,3.72,1.6,10.1,4,coast,VIC_PW007,
95872,86376,FAWKNER BEACON,-37.95,144.9258,17,FAWK,VIC,-37.95,144.92,0,1.2,0,-6,coast,VIC_PW007,
94864,86383,COLDSTREAM,-37.7239,145.4095,83,YCEM,VIC,-37.7,145.42,97.16,1.8,32.3,46,flat_inland,VIC_PW007,
94865,87031,LAVERTON RAAF,-37.8565,144.7566,20.1,YLVT,VIC,-37.87,144.75,9.52,2.1,10,9,coast,VIC_PW007,
94854,87113,AVALON AIRPORT,-38.0287,144.4783,10.6,YMAV,VIC,-38.03,144.46,10.28,2.3,7,9,coast,VIC_PW007,
94857,87163,GEELONG AIRPORT,-38.2241,144.3345,33.4,YGRD,VIC,-38.2,144.33,31.16,1.8,24.5,10,coast,VIC_PW007,
94847,87166,POINT WILSON,-38.0958,144.5361,18,PTWI,VIC,-38.07,144.54,0,1.5,3.3,-3,coast,VIC_PW007,
94863,87168,SHEOAKS,-37.9075,144.1303,236.7,SHEO,VIC,-37.91,144.13,193.24,1.1,52,32,mountains2,VIC_PW007,
94859,88051,REDESDALE,-37.0194,144.5203,290,RDA,VIC,-36.99,144.5,265.68,2.8,30.3,104,flat_inland,VIC_PW003,
94874,88109,MANGALORE AIRPORT,-36.8886,145.1859,140.8,YMNG,VIC,-36.87,145.17,134.8,2.3,7.8,113,flat_inland,VIC_PW003,
94860,88162,KILMORE GAP,-37.3807,144.9654,527.8,KMG,VIC,-37.37,144.96,418,0.9,39.4,56,mountains1,VIC_PW008,
94881,88164,EILDON FIRE TOWER,-37.2091,145.8423,637,EILD,VIC,-37.2,145.83,459.6,0.8,82.5,110,mountains1,VIC_PW008,
94852,89002,BALLARAT AERODROME,-37.5127,143.7911,435.2,YBLT,VIC,-37.49,143.79,425.24,1.4,20.2,86,mountains2,VIC_PW007,
95840,89112,WESTMERE,-37.7067,142.9378,226,WSTM,VIC,-37.7,142.96,223.2,1.8,11.5,90,flat_inland,VIC_PW009,
94842,90015,CAPE OTWAY LIGHTHOUSE,-38.8556,143.5128,82,YCTY,VIC,-38.87,143.5,6.48,2.4,34.8,4,coast,VIC_PW009,
95845,90035,MOUNT GELLIBRAND,-38.2333,143.7925,261,MGB,VIC,-38.24,143.79,152,1.9,12.2,38,mountains1,VIC_PW009,
94828,90171,CASHMORE AIRPORT,-38.3148,141.4705,80.9,YPOD,VIC,-38.32,141.46,62.92,2.3,27.7,9,coast,VIC_PW009,
94829,90173,HAMILTON AIRPORT,-37.6486,142.0636,241.1,YHML,VIC,-37.66,142.08,223.04,2.7,13.5,72,flat_inland,VIC_PW009,
94830,90175,PORT FAIRY AWS,-38.3906,142.2347,10,PTFA,VIC,-38.37,142.25,1.64,2.2,7.1,5,coast,VIC_PW009,
94840,90176,MORTLAKE RACECOURSE,-38.0737,142.7744,130,MORT,VIC,-38.07,142.79,131.4,1.9,11.4,47,flat_inland,VIC_PW009,
94846,90180,AIREYS INLET,-38.4583,144.0883,95,AIRE,VIC,-38.45,144.08,34.84,0.4,66.9,5,coast,VIC_PW007,
95825,90182,CASTERTON,-37.583,141.3339,130.6,CAST,VIC,-37.57,141.33,131.84,0.1,19.8,64,flat_inland,VIC_PW009,
94826,90184,CAPE NELSON LIGHTHOUSE,-38.4306,141.5437,45.4,CPNE,VIC,-38.41,141.54,58.8,1.6,26.8,4,coast,VIC_PW009,
94837,90186,WARRNAMBOOL AIRPORT NDB,-38.2867,142.4522,70.8,YWBL,VIC,-38.28,142.46,62.36,0.8,22.3,12,coast,VIC_PW009,
95822,90194,DARTMOOR,-37.9222,141.2614,51,DTMR,VIC,-37.91,141.25,32.16,1.2,8.9,27,flat_inland,VIC_PW009,
94949,200838,HOGAN ISLAND,-39.2225,146.9841,116,YHGI,VIC,-39.2,147,6.04,2.1,1.9,4,coast,TAS_PW001,
95214,1006,WYNDHAM AERO,-15.51,128.1503,3.8,YWYM,WA,-15.49,128.17,79.76,2.1,39.1,51,mountains2,WA_PW001,
94100,1019,KALUMBURU,-14.2964,126.6453,23,YKAL,WA,-14.28,126.63,17.4,2.3,31.4,10,coast,WA_PW001,
94212,2012,HALLS CREEK AIRPORT,-18.2292,127.6636,422,YHLC,WA,-18.24,127.67,423.36,2.3,12.7,999,mountains2,WA_PW001,
94216,2056,KUNUNURRA AERO,-15.7814,128.71,44,YPKU,WA,-15.78,128.71,36.6,1.2,20.7,88,flat_inland,WA_PW001,
94217,2064,ARGYLE AERODROME,-16.6381,128.4517,164,YARG,WA,-16.62,128.46,135.44,1.6,18.6,179,flat_inland,WA_PW001,
94203,3003,BROOME AIRPORT,-17.9475,122.2353,7.42,YBRM,WA,-17.95,122.25,5.76,2,8.8,5,coast,WA_PW001,
95205,3032,DERBY AERO,-17.3706,123.6611,6.2,YDBY,WA,-17.37,123.67,11.04,0.8,7.4,10,coast,WA_PW001,
94204,3080,CURTIN AERO,-17.5736,123.8217,77.5,YCIN,WA,-17.57,123.83,81.8,1.6,14.5,34,flat_inland,WA_PW001,
94206,3093,FITZROY CROSSING AERO,-18.1814,125.5619,114.5,YFTZ,WA,-18.16,125.54,110.2,2.7,9.7,999,flat_inland,WA_PW001,
95204,3096,WEST ROEBUCK,-17.8964,122.3122,32,WSR,WA,-17.91,122.29,27.52,3.1,12.9,9,coast,WA_PW001,
94200,4019,MANDORA,-19.7419,120.8436,7.5,YMDI,WA,-19.74,120.83,14.92,1.4,7.2,9,coast,WA_PW001,
94312,4032,PORT HEDLAND AIRPORT,-20.3725,118.6317,6.4,YPPD,WA,-20.37,118.63,7.72,0.8,4.5,10,coast,WA_PW002,
95307,4083,KARRATHA AERO,-20.7097,116.7742,5.3,YPKA,WA,-20.7,116.79,2.8,1.8,13.1,6,coast,WA_PW002,
94308,4090,ROEBOURNE AERO,-20.7594,117.1583,10.7,YROE,WA,-20.74,117.17,5.52,1.4,9.9,14,coast,WA_PW002,
94307,4095,LEGENDRE ISLAND,-20.3583,116.8431,29,LEGI,WA,-20.37,116.83,0.8,2.1,0.8,5,coast,WA_PW002,
94310,4100,BEDOUT ISLAND,-19.5886,119.0997,9,BEDO,WA,-19.57,119.08,0,1.8,0,-43,sea,WA_PW002,
95317,4106,MARBLE BAR,-21.1756,119.7497,182.3,MARB,WA,-21.16,119.75,186.88,1,16.6,126,flat_inland,WA_PW002,
94302,5007,LEARMONTH AIRPORT,-22.2406,114.0967,5,YPLM,WA,-22.24,114.08,10.96,1.7,19.2,6,coast,WA_PW002,
94306,5008,MARDIE,-21.1906,115.9797,11,YMDZ,WA,-21.2,116,17.64,2.9,6.4,17,flat_inland,WA_PW002,
95305,5017,ONSLOW AIRPORT,-21.6689,115.1092,10.5,YOLW,WA,-21.66,115.13,3.52,1.7,2.5,6,coast,WA_PW002,
94303,5084,THEVENARD ISLAND,-21.4606,115.0197,5,YTHV,WA,-21.45,115,0.76,2.1,0.2,4,coast,WA_PW002,
95304,5094,BARROW ISLAND AIRPORT,-20.875,115.4056,6.4,YBWX,WA,-20.87,115.42,1.68,1.1,10.5,4,coast,WA_PW002,
94300,6011,CARNARVON AIRPORT,-24.8878,113.67,4,YCAR,WA,-24.87,113.67,1.92,1.5,5.6,6,coast,WA_PW003,
94318,6072,EMU CREEK STATION,-23.0314,115.0414,111,,WA,-23.03,115.04,110.92,1.1,6.6,94,flat_inland,WA_PW002,
95402,6105,SHARK BAY AIRPORT,-25.8925,113.5772,33.8,YSHK,WA,-25.87,113.58,28.24,2,6.4,10,coast,WA_PW003,
95301,6108,CAPE CUVIER WHARF,-24.2201,113.3975,12.436,,WA,-24.2,113.42,19.44,2.3,26.1,4,coast,WA_PW003,
94430,7045,MEEKATHARRA AIRPORT,-26.6136,118.5372,517,YMEK,WA,-26.62,118.54,513.32,1.3,6.9,999,mountains1,WA_PW003,
94317,7176,NEWMAN AERO,-23.4169,119.7989,524,YNWN,WA,-23.41,119.79,522,0.7,12.2,999,mountains1,WA_PW002,
94316,7185,PARABURDOO AERO,-23.1725,117.7494,423.7,YPBO,WA,-23.16,117.75,425.08,0.7,18.7,999,mountains2,WA_PW002,
94429,7600,MOUNT MAGNET AERO,-28.1156,117.8425,407,YMOG,WA,-28.12,117.83,407.8,1.4,12.7,999,mountains2,WA_PW003,
94403,8315,GERALDTON AIRPORT,-28.8047,114.6989,29.7,YGEL,WA,-28.78,114.71,31.12,1.1,22.4,12,coast,WA_PW008,
94405,8290,NORTH ISLAND,-28.3008,113.5936,2.2,ABRO,WA,-28.28,113.58,0,1.4,0,-18,sea,WA_PW008,
94417,8296,MORAWA AIRPORT,-29.2039,116.0247,271.4,YMRW,WA,-29.2,116.04,264.24,1.7,10.2,109,flat_inland,WA_PW008,
95629,8297,DALWALLINU,-30.2761,116.6714,324.5,DALW,WA,-30.28,116.67,330.24,1.8,9,152,mountains2,WA_PW014,
94610,9021,PERTH AIRPORT,-31.9275,115.9764,15.4,YPPH,WA,-31.91,115.96,6.8,2.1,8.2,24,flat_inland,WA_PW009,
94603,9037,BADGINGARRA RESEARCH STN,-30.3381,115.5394,275,BADG,WA,-30.32,115.54,248.64,0.6,21.5,50,flat_inland,WA_PW008,
94612,9053,PEARCE RAAF,-31.6669,116.0189,40,YPEA,WA,-31.66,116,36.12,1.8,32.7,31,flat_inland,WA_PW009,
95620,9091,INNER DOLPHIN PYLON,-31.9889,115.8311,0,DOPY,WA,-31.99,115.83,2.68,1.3,7.5,12,coast,WA_PW009,
94609,9172,JANDAKOT AERO,-32.1011,115.8794,30,YPJT,WA,-32.07,115.88,26.32,2,9.3,15,coast,WA_PW009,
95612,9178,GINGIN AERO,-31.4628,115.8642,73,YGIG,WA,-31.45,115.88,75,1.1,6.2,29,flat_inland,WA_PW009,
94602,9193,ROTTNEST ISLAND,-32.0069,115.5022,43.1,YRTI,WA,-31.99,115.5,6.8,0.8,2.1,4,coast,WA_PW009,
94615,9204,GOOSEBERRY HILL,-31.9414,116.0506,220,GOOS,WA,-31.95,116.04,137.84,2.1,82.4,31,mountains1,WA_PW009,
94607,9214,OCEAN REEF,-31.7594,115.7278,10,OCEA,WA,-31.74,115.71,1.32,2.1,14,4,coast,WA_PW009,
94614,9215,SWANBOURNE,-31.9558,115.7619,40.96,SWAN,WA,-31.95,115.75,9.96,1.2,8.7,4,coast,WA_PW009,
94618,9224,FREMANTLE PORT,-32.0544,115.7414,60,FPA,WA,-32.03,115.75,4.56,1.6,12.2,4,coast,WA_PW009,
94608,9225,PERTH METRO,-31.9192,115.8728,24.9,PERT,WA,-31.91,115.88,32.52,0.4,12.2,16,flat_inland,WA_PW009,
95610,9240,BICKLEY,-32.0056,116.1364,384,BICK,WA,-31.99,116.13,319.92,1.2,54,39,mountains2,WA_PW009,
95607,9256,GARDEN ISLAND HSF,-32.2433,115.6839,6,YGAD,WA,-32.24,115.67,0.72,1.8,1,4,coast,WA_PW009,
94601,9518,CAPE LEEUWIN,-34.3728,115.1358,13,CPLE,WA,-34.37,115.13,9.12,1,28.7,4,coast,WA_PW010,
94600,9519,CAPE NATURALISTE,-33.5372,115.0189,109,CNTE,WA,-33.53,115,12.84,1.8,29.9,4,coast,WA_PW010,
94620,9538,DWELLINGUP,-32.7103,116.0594,267,DWEL,WA,-32.7,116.04,266.36,1.7,28.8,29,flat_inland,WA_PW009,
95638,9542,ESPERANCE AERO,-33.6825,121.8275,142,YESP,WA,-33.66,121.83,149.4,1.8,18,26,flat_inland,WA_PW012,
95630,9569,BUSSELTON,-33.655,115.3194,3.9,BUSL,WA,-33.66,115.33,6.08,1.8,8.3,5,coast,WA_PW010,
94617,9573,MANJIMUP,-34.2508,116.145,286.7,MANJ,WA,-34.24,116.13,267.88,1.8,14.9,51,flat_inland,WA_PW010,
95611,9603,BUSSELTON AERO,-33.6858,115.4008,16.3,YBLN,WA,-33.66,115.42,11.52,2.6,10,6,coast,WA_PW010,
95632,9617,BRIDGETOWN,-33.9486,116.1311,178.66,BDGN,WA,-33.95,116.13,176.76,1.2,27.1,75,flat_inland,WA_PW010,
94802,9741,ALBANY AIRPORT,-34.9414,117.8022,68,YABA,WA,-34.95,117.79,52.16,2.1,10.9,14,coast,WA_PW011,
95641,9746,WITCHCLIFFE,-34.0281,115.1042,80,WCLF,WA,-34.03,115.13,58.44,2.4,15.9,15,coast,WA_PW010,
94638,9789,ESPERANCE,-33.83,121.8925,25,YEST,WA,-33.82,121.88,21.6,1.7,17.3,9,coast,WA_PW012,
95602,9937,BUSSELTON JETTY,-33.6311,115.3389,3,BUSJ,WA,-33.62,115.33,0,0.9,3.6,-3,coast,WA_PW010,
95635,9961,HOPETOUN NORTH,-33.9306,120.1283,26,HPTN,WA,-33.91,120.13,24.24,1.6,10.6,6,coast,WA_PW012,
94631,9964,ROCKY GULLY,-34.5714,117.0106,250,RKG,WA,-34.57,117,211.96,1.6,17.2,56,flat_inland,WA_PW011,
94604,9965,BUNBURY,-33.3567,115.6447,5.2,BUNB,WA,-33.37,115.63,14,2.7,10.4,4,coast,WA_PW010,
95617,9968,SHANNON,-34.5683,116.3367,210,SHAN,WA,-34.57,116.33,183.4,1.7,23.5,38,flat_inland,WA_PW010,
94605,9977,MANDURAH,-32.5219,115.7119,3,MDU,WA,-32.53,115.71,4.12,2.2,3.3,5,coast,WA_PW009,
95621,9994,COLLIE EAST,-33.3608,116.1717,200,COLE,WA,-33.37,116.17,186.32,1.6,25.5,50,flat_inland,WA_PW010,
95647,9998,NORTH WALPOLE,-34.9469,116.7222,73,WALN,WA,-34.95,116.71,31,1.8,35.6,14,coast,WA_PW010,
95625,10286,CUNDERDIN AIRFIELD,-31.6219,117.2217,216.7,YCUN,WA,-31.62,117.21,213.56,1.3,12,143,flat_inland,WA_PW014,
94628,10692,NEWDEGATE RESEARCH STATION,-33.1131,118.84,320,NGT,WA,-33.12,118.83,341.44,1.5,17.2,135,mountains2,WA_PW013,
95636,10905,JACUP,-33.8878,119.1092,305,JCUP,WA,-33.87,119.13,313.8,2,16.3,56,mountains2,WA_PW011,
95637,10911,LAKE GRACE,-33.1006,118.4647,286,LGRC,WA,-33.07,118.46,291.4,2,14.7,161,flat_inland,WA_PW013,
94641,10916,KATANNING,-33.6856,117.6064,320,KTNG,WA,-33.66,117.63,308.4,2.7,11.9,147,mountains2,WA_PW013,
95640,10917,WANDERING,-32.6722,116.6706,275,WAND,WA,-32.66,116.67,300.12,0.7,23.3,86,mountains2,WA_PW013,
94647,11003,EUCLA,-31.6797,128.8792,93.1,ECLT,WA,-31.66,128.88,87.88,1.5,38.8,9,coast,WA_PW005,
95646,11052,FORREST,-30.8453,128.1092,159,YFRT,WA,-30.82,128.13,158.16,2,3,124,flat_inland,WA_PW005,
94644,11053,RED ROCKS POINT,-32.2028,127.5297,3.1,RRP,WA,-32.2,127.54,0.92,1.3,5.9,4,coast,WA_PW005,
95642,12009,NORSEMAN AERO,-32.2147,121.7547,262.5,YNSM,WA,-32.2,121.75,266.4,0.8,27,186,flat_inland,WA_PW004,
94637,12038,KALGOORLIE-BOULDER AIRPORT,-30.7847,121.4533,365.3,YPKG,WA,-30.78,121.46,360.64,0.9,12.6,999,mountains2,WA_PW004,
95644,12044,MUNGLINUP WEST,-33.5547,120.6997,220,MUNW,WA,-33.53,120.71,214.12,1.7,19,42,flat_inland,WA_PW012,
95639,12071,SALMON GUMS RES.STN.,-32.9869,121.6239,249,SLMN,WA,-32.99,121.63,251.68,1.5,13.4,97,flat_inland,WA_PW012,
94450,12241,LEONORA AERO,-28.8789,121.3186,370,YLEO,WA,-28.87,121.33,382.12,1.5,14.6,999,mountains2,WA_PW004,
94449,12305,LAVERTON AERO,-28.6133,122.4236,464.3,YLTN,WA,-28.62,122.42,459.16,1.5,11.4,999,mountains2,WA_PW004,
95448,12314,LEINSTER AERO,-27.8386,120.7031,497,YLST,WA,-27.82,120.71,507,0.8,13.1,999,mountains1,WA_PW004,
95634,12320,SOUTHERN CROSS AIRFIELD,-31.2353,119.3564,347.4,YSCR,WA,-31.24,119.38,369.64,2.4,14.2,999,mountains2,WA_PW014,
94457,13011,WARBURTON AIRFIELD,-26.1317,126.5839,459,YWBR,WA,-26.12,126.58,460.44,0.7,14.9,999,mountains2,WA_PW007,
94319,13030,TELFER AERO,-21.7125,122.2281,291.9,YTEF,WA,-21.7,122.21,301.4,2.1,13.5,999,mountains2,WA_PW002,
94210,200735,ADELE ISLAND,-15.5114,123.1556,4.6,ADL,WA,-15.49,123.17,0,1.7,0,-4,coast,WA_PW001,
94103,200784,BROWSE ISLAND,-14.1089,123.5472,3.7,YBWS,WA,-14.12,123.54,0,1.9,0,-135,sea,WA_PW001,
95936,86338,MELBOURNE (OLYMPIC PARK),-37.8255,144.9816,7.5,MBOP,VIC,,,14.68,9,12.9,,coast,VIC_PW007,
